<?xml version="1.0" encoding="UTF-8"?>
<project-private xmlns="http://www.netbeans.org/ns/project-private/1">
    <editor-bookmarks xmlns="http://www.netbeans.org/ns/editor-bookmarks/2" lastBookmarkId="0"/>
    <open-files xmlns="http://www.netbeans.org/ns/projectui-open-files/2">
        <group>
            <file>file:/M:/E-lmadrsa/E-lMadrsa/src/gui/AjoutExamenController.java</file>
            <file>file:/M:/E-lmadrsa/E-lMadrsa/src/outils/chat/client/ClientApplication.java</file>
            <file>file:/M:/E-lmadrsa/E-lMadrsa/src/entities/TutorshipRequest.java</file>
            <file>file:/M:/E-lmadrsa/E-lMadrsa/src/test/guimain.java</file>
            <file>file:/M:/E-lmadrsa/E-lMadrsa/src/gui/CatController.java</file>
            <file>file:/M:/E-lmadrsa/E-lMadrsa/src/services/TutorshipRequestService.java</file>
            <file>file:/M:/E-lmadrsa/E-lMadrsa/src/utils/DataSource.java</file>
            <file>file:/M:/E-lmadrsa/E-lMadrsa/src/gui/Students/AddTutorshipRequestController.java</file>
            <file>file:/M:/E-lmadrsa/E-lMadrsa/src/gui/Students/StudentTutorshipSessionsController.java</file>
            <file>file:/M:/E-lmadrsa/E-lMadrsa/src/services/TutorshipSessionService.java</file>
            <file>file:/M:/E-lmadrsa/E-lMadrsa/src/services/UserService.java</file>
            <file>file:/M:/E-lmadrsa/E-lMadrsa/src/gui/Students/StudentTutorshipRequestsController.java</file>
            <file>file:/M:/E-lmadrsa/E-lMadrsa/src/outils/chat/server/ServerApplication.java</file>
            <file>file:/M:/E-lmadrsa/E-lMadrsa/src/test/Test.java</file>
            <file>file:/M:/E-lmadrsa/E-lMadrsa/src/outils/chat/client/Client.java</file>
            <file>file:/M:/E-lmadrsa/E-lMadrsa/src/services/UtilisateurService.java</file>
            <file>file:/M:/E-lmadrsa/E-lMadrsa/src/gui/AjoutFormationController.java</file>
            <file>file:/M:/E-lmadrsa/E-lMadrsa/src/gui/UseraddexamController.java</file>
            <file>file:/M:/E-lmadrsa/E-lMadrsa/src/gui/GenerateQuoresController.java</file>
            <file>file:/M:/E-lmadrsa/E-lMadrsa/src/utiles/DataDB.java</file>
            <file>file:/M:/E-lmadrsa/E-lMadrsa/src/gui/Students/UpdateTutorshipRequestController.java</file>
            <file>file:/M:/E-lmadrsa/E-lMadrsa/src/outils/CalendarQuickstart.java</file>
        </group>
    </open-files>
</project-private>
